sector,solano_county_market_size_estimate,competitive_saturation,ai_automation_opportunity,underserved_niche,recurring_revenue_potential,prime_pathwy_fit_score,recommended_entry_strategy,estimated_annual_revenue_opportunity,notes
Property Management,Large,Medium,Medium,No,High,9,Direct outreach to decision-makers with compliance audit offer,"$8,000 - $35,000/yr",Prioritize sectors with high AI automation opportunity and recurring revenue potential
Commercial Real Estate,Large,Medium,Medium,No,Medium,7,Direct outreach to decision-makers with compliance audit offer,"$10,000 - $50,000/yr",Prioritize sectors with high AI automation opportunity and recurring revenue potential
Warehousing,Large,Medium,Medium,Yes,Medium,7,Direct outreach to decision-makers with compliance audit offer,"$15,000 - $75,000/yr",Prioritize sectors with high AI automation opportunity and recurring revenue potential
Logistics,Large,Medium,High,No,Medium,9,Direct outreach to decision-makers with compliance audit offer,"$20,000 - $100,000/yr",Prioritize sectors with high AI automation opportunity and recurring revenue potential
Industrial Services,Large,Medium,Medium,Yes,Medium,7,Direct outreach to decision-makers with compliance audit offer,"$12,000 - $60,000/yr",Prioritize sectors with high AI automation opportunity and recurring revenue potential
Construction,Large,Medium,Medium,No,Medium,7,Direct outreach to decision-makers with compliance audit offer,"$10,000 - $50,000/yr",Prioritize sectors with high AI automation opportunity and recurring revenue potential
Maintenance,Large,Medium,Medium,No,High,7,Direct outreach to decision-makers with compliance audit offer,"$5,000 - $25,000/yr",Prioritize sectors with high AI automation opportunity and recurring revenue potential
Fleet Services,Large,Medium,High,No,Medium,7,Direct outreach to decision-makers with compliance audit offer,"$8,000 - $40,000/yr",Prioritize sectors with high AI automation opportunity and recurring revenue potential
Facilities Management,Large,Medium,High,No,High,9,Direct outreach to decision-makers with compliance audit offer,"$10,000 - $50,000/yr",Prioritize sectors with high AI automation opportunity and recurring revenue potential
Government Vendors,Large,Medium,High,Yes,Medium,9,Direct outreach to decision-makers with compliance audit offer,"$25,000 - $150,000/yr",Prioritize sectors with high AI automation opportunity and recurring revenue potential
Municipal Contractors,Large,Medium,Medium,Yes,Medium,7,Direct outreach to decision-makers with compliance audit offer,"$20,000 - $100,000/yr",Prioritize sectors with high AI automation opportunity and recurring revenue potential
Janitorial Companies,Medium,High,Medium,No,Medium,7,Direct outreach to decision-makers with compliance audit offer,"$5,000 - $20,000/yr",Prioritize sectors with high AI automation opportunity and recurring revenue potential
Security Firms,Large,Medium,Medium,No,Medium,7,Direct outreach to decision-makers with compliance audit offer,"$8,000 - $35,000/yr",Prioritize sectors with high AI automation opportunity and recurring revenue potential
Waste Management,Large,Medium,Medium,No,Medium,7,Direct outreach to decision-makers with compliance audit offer,"$10,000 - $45,000/yr",Prioritize sectors with high AI automation opportunity and recurring revenue potential
Apartment Ownership Groups,Large,Medium,Medium,No,Medium,7,Direct outreach to decision-makers with compliance audit offer,"$8,000 - $40,000/yr",Prioritize sectors with high AI automation opportunity and recurring revenue potential
Mobile Home Parks,Large,Medium,Medium,No,Medium,7,Direct outreach to decision-makers with compliance audit offer,"$5,000 - $20,000/yr",Prioritize sectors with high AI automation opportunity and recurring revenue potential
HOA Management Companies,Large,Medium,Medium,No,High,7,Direct outreach to decision-makers with compliance audit offer,"$5,000 - $25,000/yr",Prioritize sectors with high AI automation opportunity and recurring revenue potential
Storage Facilities,Large,Medium,Medium,No,Medium,7,Direct outreach to decision-makers with compliance audit offer,"$5,000 - $20,000/yr",Prioritize sectors with high AI automation opportunity and recurring revenue potential
Roofing,Large,Medium,Medium,No,Medium,7,Direct outreach to decision-makers with compliance audit offer,"$8,000 - $35,000/yr",Prioritize sectors with high AI automation opportunity and recurring revenue potential
HVAC,Large,Medium,Medium,No,Medium,7,Direct outreach to decision-makers with compliance audit offer,"$8,000 - $40,000/yr",Prioritize sectors with high AI automation opportunity and recurring revenue potential
Plumbing,Large,Medium,Medium,No,Medium,7,Direct outreach to decision-makers with compliance audit offer,"$6,000 - $30,000/yr",Prioritize sectors with high AI automation opportunity and recurring revenue potential
Electrical,Large,Medium,Medium,No,Medium,7,Direct outreach to decision-makers with compliance audit offer,"$8,000 - $35,000/yr",Prioritize sectors with high AI automation opportunity and recurring revenue potential
Concrete,Large,Medium,Medium,No,Medium,7,Direct outreach to decision-makers with compliance audit offer,"$6,000 - $25,000/yr",Prioritize sectors with high AI automation opportunity and recurring revenue potential
Painting,Medium,Medium,Medium,No,Medium,7,Direct outreach to decision-makers with compliance audit offer,"$5,000 - $20,000/yr",Prioritize sectors with high AI automation opportunity and recurring revenue potential
Asphalt,Large,Medium,Medium,No,Medium,7,Direct outreach to decision-makers with compliance audit offer,"$8,000 - $35,000/yr",Prioritize sectors with high AI automation opportunity and recurring revenue potential
Junk Removal,Medium,Medium,Medium,No,Medium,7,Direct outreach to decision-makers with compliance audit offer,"$3,000 - $15,000/yr",Prioritize sectors with high AI automation opportunity and recurring revenue potential
Landscaping,Large,High,Medium,No,Medium,7,Direct outreach to decision-makers with compliance audit offer,"$5,000 - $25,000/yr",Prioritize sectors with high AI automation opportunity and recurring revenue potential
Commercial Cleaning,Large,High,Medium,No,Medium,7,Direct outreach to decision-makers with compliance audit offer,"$5,000 - $20,000/yr",Prioritize sectors with high AI automation opportunity and recurring revenue potential
