Column1,Column2,Column3,Column4,Column5,Column6,Column7,Column8,Column9,Column10,Column11
Subject,Company Name,Website,Intake Funnel Structure,Pricing Transparency,Service Guarantees / ToS Gaps,Digital Footprint,Operational Gaps,Sovereign System Pitch,Target Priority,
Bay Area Labor Services junk removal and yard cleanup,Bay Area Labor Services junk removal and yard cleanup,,"Customers contact and book primarily via phone call or text message to 415-936-4117, as advertised on Facebook groups.",Pricing is quote-based only; customers are instructed to call or text for a quick quote. No specific prices are publicly available.,"Service guarantees and terms of service (e.g., no-show policy, cancellation terms, liability disclaimers) are not publicly available on their social media presence.",Weak,1. Manual booking and scheduling via phone/text. 2. Lack of automated customer follow-up and engagement. 3. No centralized customer relationship management (CRM) system.,"Implement a Sovereign System to automate booking, customer communication, and CRM, transforming manual operations into a streamlined, high-efficiency service delivery model.",Tier 1 (Highest Priority),
Junk King San Francisco Bay Area - junk-king.com/locations/sanfrancisco,Junk King San Francisco Bay Area,https://junk-king.com/locations/sanfrancisco,"Customers can contact and book Junk King San Francisco Bay Area through multiple channels: online booking via their website, direct phone calls to (415) 852-3303 for free estimates, and text messaging to 1-737-888-5865 by sending a photo of items for removal.",Pricing is primarily quote-based with 'free estimates' and a 'pay only for the space you use' model. They offer a $20 discount for booking online. No specific flat rates or per-item pricing are publicly displayed on this page.,"Junk King San Francisco operates under 'The Neighborly Done Right Promise®' from its parent company, Neighborly. Specific terms and conditions for services, especially regarding cancellations or no-shows, are not detailed on this page, directing users to Neighborly.com/terms-of-use for full details. The service is provided by locally owned and independently operated franchise companies, implying potential variations in service terms.",Moderate,"1. Reliance on manual on-site estimates for pricing, which could be streamlined with a more robust online estimation tool. 2. Potential for manual dispatching and scheduling given the emphasis on phone and text for estimates. 3. Lack of explicit automated follow-up or CRM integration mentioned, suggesting manual customer relationship management.","Implement a Sovereign System to automate Junk King San Francisco's estimation and booking process, integrate CRM for proactive customer engagement, and provide real-time operational insights for enhanced efficiency and profitability.",Tier 2 (Medium Priority),
Simple Estate Liquidation San Francisco Bay Area,Simple Estate Liquidation San Francisco Bay Area,https://www.simpleestateliquidation.com/,"Customers can contact Simple Estate Liquidation via phone (510-617-1335) or through a contact form on their website to request a free estimate. The process appears to be manual, relying on direct communication for initial engagement.","Pricing is not explicitly published on the website. Services are offered based on a 'buyout offer' or 'consignment' model, and customers are encouraged to contact the company for a 'free estimate,' indicating a quote-based pricing structure.","The company guarantees 'Honest Service' and aims to provide a 'stress-free experience' and 'maximize profit' for clients. However, there are no explicit terms of service, cancellation policies, no-show policies, or detailed liability disclaimers publicly available on their website or privacy policy.",Moderate,"1. The intake process is primarily manual, relying on phone calls and contact form submissions for 'free estimates,' lacking an automated booking or scheduling system. 2. The absence of transparent pricing or a pricing calculator necessitates individual quotes for every inquiry, creating a potential bottleneck and increasing sales cycle time. 3. The lack of detailed online terms of service or FAQs regarding cancellation, liability, or service scope can lead to client uncertainty and increased administrative effort in managing expectations.","A Sovereign System installation would streamline Simple Estate Liquidation's client acquisition by automating booking, providing dynamic pricing models, and establishing clear, accessible service agreements, thereby enhancing operational efficiency and client trust.",Tier 2 (Medium Priority),
Cleanout Kings Bay Area property cleanout,Cleanout Kings Bay Area property cleanout,N/A (Closest match found: https://www.servantkingjunkremoval.com/),"Customers can contact the company via phone call (209) 938-7407, text message, or by requesting an online quote. The process involves a free on-site estimate.","Pricing is quote-based only, with a 'flat-rate quotes' policy after a free on-site estimate. No specific prices are published on the website.","The company emphasizes being family-owned, faith-rooted, and treating homes like their own. They sort, donate, and recycle items, with landfill as a last resort. They are CSLB C-21 Licensed #1142322, insured, and bonded for demolition services. No explicit service guarantees like 'money-back' or detailed terms of service are publicly available.",Moderate,"Lack of an immediate online booking system with transparent pricing, reliance on manual quoting for each job, and no visible CRM integration for customer follow-up and relationship management.","Implement a Sovereign System to automate instant online booking with dynamic pricing, integrate a robust CRM for automated follow-ups, and streamline job dispatch for Cleanout Kings Bay Area property cleanout.",Tier 2 (Medium Priority),
Habitat for Humanity ReStore Bay Area donation pickup,Habitat for Humanity ReStore Bay Area donation pickup,https://restore.habitatebsv.org/,"Customers can schedule a pickup online through their partner ReSupply, drop off donations at a ReStore location, email for business inventory donations, or call a provided phone number for questions.","No explicit pricing is published on their website for donation pickups; however, initial search results suggest free pickup. Pricing for third-party services is not mentioned.","Donation criteria require items to be new or gently used, in excellent working condition, and ready to sell as-is, with acceptability at the discretion of ReStore staff. No explicit no-show or cancellation policies are publicly stated. For third-party drop-offs, a Donation Receipt Request form is required.",Moderate,"Reliance on a potentially non-functional third-party platform (ReSupply) for online scheduling, lack of explicit no-show/cancellation policies, and a manual process for third-party drop-off documentation.","Implement a Sovereign System to streamline online scheduling and pricing transparency, automate no-show/cancellation policies, and digitize third-party drop-off documentation for enhanced operational efficiency and donor experience.",Tier 2 (Medium Priority),
Junk Gone Hauling and Junk Removal Services Bay Area,Junk Gone Hauling & Junk Removal Services,,"Primarily phone-based, with customers calling (408) 310-0246 for inquiries and estimates. Reviews indicate direct communication with the business owner, Isaac.","Quote-based only. Reviews mention 'reasonably priced' and 'fair pricing,' but no specific rates, per-item pricing, or pricing calculators are published on their Yelp page.","No explicit service guarantees or terms of service are publicly available on their Yelp page. One review noted a late arrival, suggesting a potential gap in punctuality policies.",Moderate,"1. Lack of a dedicated, functional official website, hindering direct online presence and information dissemination. 2. Appears to rely on phone-only booking and inquiries, indicating a manual intake process without automated scheduling or customer management. 3. Absence of published pricing information, which may deter customers seeking immediate cost transparency.","Implement a Sovereign System to establish a robust online presence with an automated booking platform, transparent pricing calculator, and integrated customer relationship management to streamline operations and enhance client acquisition.",Tier 2 (Medium Priority),
Anson's Furniture and Salvage San Francisco estate cleanout - ansons-furniture.com,Anson's Furniture & Salvage,https://www.ansons-furniture.com/,"Customers contact Anson's Furniture & Salvage primarily via phone calls, text messages, and an online inquiry form on their website. There is no indication of automated chat, bots, or third-party booking platforms.","Anson's Furniture & Salvage provides transparent pricing estimates online for various hauling services, including: Mattress/Box Spring ($50), Upholstered Arm Chair ($80), Standard Couch ($110), L-Shaped Couch ($150), Outdoor Patio Set ($150), Hot Tubs (starting at $695), 1/4 Truck Load ($350), 1/2 Truck Load ($680), 3/4 Truck Load ($1,000), and Full Truck Load ($1,200). A minimum load size of $100 applies for San Jose and surrounding areas.","The website's Terms & Conditions primarily outline legal disclaimers and limitations of liability, rather than explicit service guarantees. There are no clear guarantees regarding service quality, timeliness, or specific policies for cancellations or no-shows beyond general insurance coverage.",Moderate,"1. Lack of automated booking and scheduling system, relying on manual quotes and follow-ups. 2. Absence of an integrated CRM for managing customer interactions and automated follow-up sequences. 3. No online self-service portal for customers to manage bookings or track service status.","Implement a Prime Pathwy Sovereign System to automate Anson's customer intake, streamline scheduling, and enhance client relationship management for increased efficiency and revenue.",Tier 2 (Medium Priority),
Junk Removal Bros Bay Area,Junk Removal Bros Bay Area,https://junknbros.com/,"Customers can contact and book by calling 408-813-0688 for a free quote or by filling out an online 'Get In Touch' form on their website, which requests name, phone, email, service needed, and a message.","The company states 'Upfront Pricing — no hidden fees, ever' and offers a 'Free Quote, Zero Obligation' via phone or online form. No specific prices, flat rates, or pricing calculators are published on the website.","Junk N Bros highlights that they are 'Licensed & Insured' and have a 'Friendly, professional crew that treats your home with care'. The website does not explicitly detail specific service guarantees, no-show policies, cancellation terms, or liability disclaimers.",Moderate,"The primary intake methods are phone calls and a basic web form, indicating a lack of automated online booking and scheduling. There is no visible integration with a CRM for automated follow-ups or customer management, and the quote process appears manual.","Implement a Sovereign System to automate booking, CRM, and quote generation for Junk Removal Bros Bay Area, transforming their manual intake into a high-efficiency, audit-ready operation.",Tier 2 (Medium Priority),
American Hauling Bay Area Richmond CA,American Hauling,https://www.americanhauling.net/,"Customers contact and book primarily via phone (510) 220-1358 or email (kjtorrey@yahoo.com) for free estimates and appointments. There is no online booking form, automated chat, or integration with third-party booking platforms.","Pricing is quote-based only, with free estimates and phone consultations offered. No specific flat rates, per-item pricing, or pricing calculators are published on their website.","The company states they are fully licensed and insured, carrying general liability and worker's compensation. They also emphasize being environmentally friendly, diverting up to 85% of materials from landfills, and providing receipts for all services. Clear communication and attention to detail are stated goals. No explicit service guarantees regarding no-show policy, cancellation terms, or liability disclaimers are publicly available.",Moderate,"1. Phone/Email-only booking: The absence of an online booking system or automated scheduling limits customer self-service and requires manual handling of inquiries. 2. Manual estimation process: Relying on phone consultations and email for free estimates suggests a time-consuming, manual quoting process that could hinder scalability. 3. No automated customer communication: Lack of automated follow-ups for booking confirmations, service reminders, or post-service feedback creates potential for communication gaps and increased administrative burden.","Implement a Sovereign System to automate American Hauling's intake, scheduling, and customer communication, transforming their manual processes into a scalable, efficient, and audit-ready operation.",Tier 2 (Medium Priority),
Ace Hauling Solutions San Francisco - bayareajunkmasters.com,Ace Hauling Solutions San Francisco,https://www.bayareajunkmasters.com/,"Customers contact and book primarily via phone (415-316-3115) and email (acehaulingsolutions@gmail.com) for free estimates. There is no indication of online forms, automated chat/bot, or third-party booking platforms.","Pricing is quote-based only, with calls for free estimates. No specific prices, flat rates, per-item pricing, or pricing calculator are published on the website.","The website's Terms of Use and Privacy Policy primarily cover website usage and content protection. There are no explicit service guarantees, no-show policies, cancellation terms, or liability disclaimers for their hauling services mentioned.",Moderate,"1. Lack of automated online booking system, relying on phone and email for inquiries. 2. Manual quoting process for estimates. 3. Absence of a clear CRM for customer management and automated follow-ups.","Implement a Sovereign System to automate booking, streamline quoting, and integrate CRM for enhanced customer lifecycle management, transforming manual operations into a scalable, high-efficiency service delivery model.",Tier 2 (Medium Priority),
Clark's Haul and Go Bay Area - clarkshaulandgo.com,Clark's Haul and Go Bay Area,https://clarkshaulandgo.com/,"Customers can contact Clark's Haul and Go via phone call, text message, or email. They offer 'Book Now' buttons and 'Get Free Estimate' options, which lead to direct contact for scheduling an on-site visit or obtaining a quote.","Pricing is quote-based, with a guarantee of 'Honest Pricing without Surprise Fees' and 'upfront' knowledge of costs after a quote. They offer a 'Free Quote for On-Site Visit' and promise to 'beat any estimate by 5%'. No specific flat rates or per-item pricing are published directly on the website.","Clark's Haul and Go offers 'Fast, Flexible Scheduling' including same-day, emergency, and weekend pickups. They guarantee 'Peace of Mind with a Fully Insured Crew' (licensed, insured, professional) and 'No Heavy Lifting or Sorting Required' for the customer. They also offer a '5% price beat guarantee' on any estimate. Notable gaps include the absence of explicit cancellation terms, no-show policies, or detailed liability disclaimers on the main website.",Moderate,1. Lack of transparent online pricing requiring direct contact for quotes. 2. Manual scheduling and dispatch process. 3. Absence of explicit CRM or automated follow-up systems for lead nurturing and customer communication.,"Implement a Prime Pathwy Sovereign System to automate instant online pricing, streamline scheduling and dispatch, and integrate a robust CRM for automated customer follow-ups, enhancing efficiency and customer conversion.",Tier 2 (Medium Priority),
Junk Deal Menlo Park Bay Area - junkdeal.com,Junk Deal Menlo Park Bay Area,https://www.junkdeal.com,Customers can contact Junk Deal via phone (650-995-7500) for an estimate or submit an online quote request through their website. The process involves a call to schedule pickup after the initial estimate.,"Pricing is quote-based only; the website offers a 'free no obligation estimate' but does not publish flat rates, per-item pricing, or a pricing calculator.",No explicit service guarantees or terms of service are published on the website. Links to 'Terms of Use' and 'Privacy Policy' result in 404 errors.,Moderate,"1. Lack of transparent pricing, relying solely on quote-based estimates. 2. Absence of readily available legal documentation (Terms of Use, Privacy Policy) on their website. 3. No fully automated booking or scheduling system, requiring phone calls for pickup arrangements.","Implement a Prime Pathwy Sovereign System to streamline customer intake with automated pricing, transparent service agreements, and a robust digital presence, ensuring a seamless and trustworthy customer journey.",Tier 2 (Medium Priority),
Fast Haul SF Bay Area - fasthaul.com,Fast Haul SF Bay Area,https://www.fasthaul.com,"Customers can contact Fast Haul SF Bay Area via phone calls (toll-free and local numbers), text messages with photos for estimates, and an online booking system available on their website. They also offer free, no-obligation in-person estimates.","Fast Haul SF Bay Area provides upfront pricing with no added labor or weight charges. Minimum hauling jobs start at $95. Standard truck loads (16 cubic yards) are priced as follows: Full load $600-Up, 3/4 load $500-$600, 1/2 load $350-$500, 1/4 load $250-$350. Heavy materials like concrete and dirt are priced separately, with a full load averaging $750. Surcharges may apply for items such as refrigerators, appliances, tires, hazardous waste, paints, large TVs, mattresses, and box springs.","Fast Haul SF Bay Area offers 'Same-day service available for all calls received before noon!', though this is subject to availability and unforeseen circumstances. They provide 'free no-obligation estimates' and 'up-front pricing means no surprise!'. The company is 'LOCALLY OWNED AND OPERATED – (LICENSED AND INSURED)'. Notable gaps include the disclaimer on same-day service availability and the need for in-person estimates for exact pricing, which could lead to variations from initial phone quotes.",Moderate,"1. Reliance on phone calls for initial scheduling and estimates, indicating a potential lack of fully automated scheduling and quote generation. 2. Requirement for in-person estimates for exact pricing, which adds a manual step to the sales process. 3. Absence of a clearly stated CRM or automated follow-up system for leads and past clients.","Implement a Prime Pathwy Sovereign System to automate Fast Haul SF Bay Area's scheduling, provide instant online pricing, and integrate a robust CRM for streamlined client management and follow-up, transforming their operational efficiency and client experience.",Tier 2 (Medium Priority),
EZ Junk Removal Bay Area,EZ Junk Removal Bay Area,https://ezjunkhauling.com/,"Customers can contact EZ Junk Removal Bay Area via multiple phone numbers (including a 1-800 number), text messages with images, or by filling out an online appointment request form on their website. The online form initiates a manual callback for appointment confirmation. Email contact is also available.","Pricing is primarily quote-based, with free on-site estimates. The website states 'up-front pricing with no surprises' and that rates are calculated 'according to the amount of junk, trash or green waste that we load in the truck.' General pricing for an 8-10 cubic-yard load of dirt or concrete is $700-$750 on average. There are additional charges for heavy materials and specific items like refrigerators, tires, hazardous waste, paints, large TVs, mattresses, and box springs. Discounts are offered for recyclable materials (10%), contractors, and seniors.","The company offers free, no-obligation estimates, meaning there is no fee if the customer chooses not to proceed after receiving a quote. However, explicit service guarantees such as on-time arrival, damage protection, or detailed cancellation/no-show policies are not publicly available on their website, representing a notable gap in their terms of service.",Moderate,"1. The online booking process is not fully automated, requiring a manual callback for appointment confirmation, which can lead to delays and potential customer drop-off. 2. Lack of transparent, standardized pricing tiers or an online pricing calculator, relying heavily on manual on-site estimates. 3. Absence of a customer portal or automated follow-up system for post-service feedback or re-engagement.","Implement a Sovereign System to automate your entire customer journey, from instant online booking and dynamic pricing to automated follow-ups, ensuring seamless operations and enhanced customer satisfaction.",Tier 2 (Medium Priority),
Junkcat Bay Area - Yelp listed East Bay,Junkcat,https://www.junkcat.com/,"Customers can book or request an estimate through an online form on their website, which collects personal details, service description, preferred date/time, and allows photo uploads. Phone booking is also available, and quotes can be obtained via Yelp.","Pricing is primarily quote-based. The website does not list specific prices, but their Yelp page provides volume-based estimates: 'Fill this truck 17 cubic yards (12'x7.5'x5') for as little as $700. Partial loads are prorated.' and 'Fill this 16ft moving van 35 cubic yards for as little as $1300. Partial loads are prorated.'","Junkcat states they are 'Reliable, responsible and insured' and carry 'general liability insurance for your protection.' They also highlight their commitment to diverting useful items for reuse and recycling. Explicit terms of service, including no-show or cancellation policies, are not publicly detailed.",Strong,"1. The online booking form is a request for an estimate rather than a fully automated, real-time scheduling system. 2. Lack of transparent, standardized pricing on their website, requiring customers to request quotes. 3. Absence of clearly published terms of service, including cancellation and no-show policies, which could lead to customer disputes or operational inefficiencies.","Implement a $5,000+ Sovereign System to automate Junkcat's booking and quoting process with dynamic pricing, integrate a comprehensive CRM, and standardize client communication for enhanced operational efficiency and customer satisfaction.",Tier 3 (Low Priority),
GoLoadUp San Francisco estate cleanout - goloadup.com,GoLoadUp San Francisco estate cleanout,https://goloadup.com/,"Customers can contact and book GoLoadUp through their website for online booking, via text message at (678) 884-4738, or by calling (844) 239-7711. The online booking process involves entering a zip code and selecting items to receive an upfront price.","GoLoadUp offers ""upfront online pricing"" where customers enter their zip code and select items to get a real-time price quote. They state, ""the more items you add, the more you save!"" Specific prices are not publicly listed without going through the quoting process.","GoLoadUp explicitly states it is a technology platform connecting customers with independent service providers (""Loaders"") and disclaims responsibility for the performance, safety, or quality of services provided by these third-party providers. Their total aggregate liability is limited to the greater of $500 or the total fees paid in the last six months. They also state they ""cannot guarantee acceptance for donation or recycling.""",Strong,"1. Reliance on independent contractors with limited liability, leading to potential inconsistencies in service quality and accountability. 2. Lack of comprehensive, flexible pricing for complex estate cleanouts that may require on-site assessment beyond simple item selection. 3. Limited control and guarantee over donation and recycling outcomes, which may not meet client expectations for responsible disposal.","Prime Pathwy can implement a Sovereign System for GoLoadUp that integrates a robust, quality-controlled network of vetted service providers, an advanced dynamic pricing engine for complex estate cleanouts, and a guaranteed, transparent item disposition tracking system, ensuring premium service delivery and enhanced client trust.",Tier 3 (Low Priority),
Rays Hauling Pittsburg CA - raysjunkhauling.com,Rays Hauling Pittsburg CA,https://raysjunkhauling.com,"Customers can contact Rays Hauling via phone (925) 594-0029, email (rayhauling@yahoo.com), or by filling out an online form for scheduling a haul or requesting a free estimate. The process appears to be primarily manual, relying on direct communication for quotes and bookings.","Pricing is quote-based only; the website explicitly states 'free estimates on all jobs' and 'free quote' without publishing any specific flat rates, per-item pricing, or a pricing calculator.","Rays Hauling offers a general 'customer satisfaction' guarantee, stating 'we know you will be completely happy with our immediate attention to your hauling needs!' However, there are notable gaps in their terms of service, as no explicit no-show policy, cancellation terms, or detailed liability disclaimers are publicly available on their website.",Strong,"1. Lack of automated pricing and booking system, requiring manual quotes for every inquiry. 2. Absence of a clear, published no-show or cancellation policy, potentially leading to disputes or inefficiencies. 3. Reliance on manual communication channels (phone/email) for customer follow-ups and engagement, indicating a lack of automated CRM or marketing automation.","Implement a Sovereign System to automate pricing, streamline booking with transparent policies, and enhance customer engagement through integrated CRM and automated follow-up sequences.",Tier 3 (Low Priority),
LoadUp nationwide junk removal Bay Area - goloadup.com,LoadUp nationwide junk removal Bay Area,,"Customers can contact and book LoadUp through multiple channels: online booking with upfront pricing via their website, direct phone calls to (844) 239-7711, and text messaging to (678) 884-4738, including the option to text photos for estimates.","LoadUp offers upfront, guaranteed pricing online, where customers receive a real-time quote by entering their zip code and selecting items. The pricing model is per-item, with savings for adding more items, and is stated to be exactly what the customer pays on service day; however, specific price points are not publicly displayed without initiating the booking process.","LoadUp guarantees upfront pricing and offers 'frictionless haul away.' However, their Terms of Service include broad disclaimers of all warranties and conditions ('as is' and 'as available' basis) and a significant limitation of liability for lost profits, indirect, consequential, exemplary, incidental, special, or punitive damages. There is no explicit no-show policy for the company, but they offer outdoor pickups if a customer cannot make an appointment.",Strong,"1. Potential for inconsistent service quality due to reliance on independent contractors ('Loaders') without robust, real-time performance monitoring. 2. Lack of explicit automated customer follow-up sequences post-service to drive repeat business and gather structured feedback. 3. Absence of a clearly defined, automated system for handling service discrepancies or customer complaints, potentially leading to manual resolution processes.","Implement a Prime Pathwy Sovereign System to integrate real-time Loader performance analytics, automate post-service customer engagement for loyalty, and streamline service recovery protocols, ensuring consistent, high-authority operational excellence and audit-readiness for LoadUp's nationwide network.",Tier 3 (Low Priority),
Junked by Veterans Bay Area - junkedbyvets.com,Junked by Veterans Bay Area,https://junkedbyvets.com/,"Customers can contact and book services via phone (888-891-2440), email (info@junkedbyvets.com), or a website form to schedule a 2-hour appointment window. They receive text and email confirmations for appointments and a text when the team is en route. Estimates can be obtained on-site or by emailing pictures for a general price range.","Pricing is based on volume and space taken in their 16 cubic yard dump trucks, starting at a minimum load and increasing in 1/8th truckload increments. Upfront, no-hidden-fee estimates are provided on-site after showing items to the team. A general price range can be given via email for pictures, but no specific prices are published on the website. One customer review noted an undisclosed $10 credit card fee.","The company is licensed and insured, and prides itself on being eco-friendly by donating and recycling items. The Terms & Conditions are general legal boilerplate and do not explicitly detail service guarantees such as no-show policies or cancellation terms. They reserve the right to withdraw or amend service without notice.",Strong,"Lack of an automated online pricing calculator for instant quotes, absence of a clearly defined cancellation or no-show policy, and potential for unclear communication regarding additional fees like credit card charges.","Implement a Sovereign System to automate dynamic pricing, integrate a transparent booking and cancellation policy, and streamline customer communication for a seamless, audit-ready operational flow.",Tier 3 (Low Priority),
Bay Hauling Junk Removal Contra Costa/Bay Area - bayhauling.net,Bay Hauling Junk Removal Contra Costa/Bay Area,https://bayhauling.net,"Customers primarily contact Bay Hauling via phone call (707) 712-4430 or email (juan@bayhauling.net, junk@bayhauling.net). While the website features 'Get a Free Quote!' and 'Schedule Your Junk Removal' buttons, these lead to a page providing contact details rather than an interactive online booking form or scheduling tool. The process involves a 'quick chat' for a no-obligation quote, followed by a call ahead on arrival and an on-site firm estimate.","Bay Hauling states 'Transparent Pricing: No hidden fees or surprise charges. What we quote is what you pay.' They charge based on the volume of items in the truck. However, no specific prices, flat rates, per-item pricing, or an online pricing calculator are publicly available on the website. Pricing is exclusively quote-based after an on-site assessment. They offer '$10 OFF For First-Time Clients!'","Bay Hauling explicitly guarantees '100% Satisfaction' and commits to 'Fast & Reliable Service,' including showing up on time, getting the job done fast, and leaving the space spotless. They also offer 'Same-Day Availability' and flexible scheduling. The Privacy Policy outlines SMS communications for appointment confirmations, job follow-ups, on/off-site crew communications, and promotional messages, with clear opt-out options. No explicit no-show policy, detailed cancellation terms, or comprehensive liability disclaimers are publicly stated beyond the general privacy policy.",Strong,"1. **Lack of Automated Online Booking/Scheduling:** The absence of a functional online booking system forces customers into manual contact methods, increasing administrative burden and potentially losing leads who prefer self-service. 2. **No Upfront Pricing Information:** Relying solely on on-site, quote-based pricing without any public estimates or a pricing guide can deter potential clients seeking immediate cost transparency. 3. **Limited Service Terms Documentation:** The website lacks detailed terms of service regarding no-show policies, cancellation fees, or comprehensive liability disclaimers, which could lead to misunderstandings or disputes.","Implement a Sovereign System for Bay Hauling to automate online booking and dynamic pricing, providing instant quotes and streamlining customer intake for enhanced efficiency and lead conversion.",Tier 3 (Low Priority),
1-800-GOT-JUNK Bay Area franchise,1-800-GOT-JUNK Bay Area franchise,https://www.1800gotjunk.com/us_en/locations/junk-removal-sanfrancisco/us04022,"Customers can contact and book 1-800-GOT-JUNK Bay Area via phone (1-800-468-5865 or 628-895-9216) or through their website's online booking system. They offer free, no-obligation on-site estimates, and users can check availability by entering their ZIP code online. No credit card is required for booking an estimate.","Pricing is quote-based only, determined by the volume of junk in 1/8th truck increments after a free, no-obligation on-site estimate. No specific prices or pricing calculators are published on the website.","The Terms of Use do not explicitly state service guarantees such as no-show policies or cancellation terms. The terms include a binding arbitration agreement, limit liability to $100 USD in most cases, and disclaim all warranties, providing significant weaknesses in customer protection regarding service quality and recourse.",Strong,"1. Lack of transparent online pricing or a pricing calculator, requiring manual on-site estimates. 2. Absence of explicit service guarantees and detailed cancellation/no-show policies in the public Terms of Use. 3. Reliance on phone and basic online booking, indicating a potential lack of advanced CRM or automated follow-up systems.","Implement a Sovereign System to automate dynamic pricing, streamline customer relationship management with automated follow-ups, and integrate transparent service guarantees for enhanced operational efficiency and customer trust.",Tier 3 (Low Priority),
College Hunks Hauling Junk Bay Area franchise,College Hunks Hauling Junk Bay Area franchise,https://www.collegehunkshaulingjunk.com/,"Customers can contact and book College Hunks Hauling Junk through their website via 'GET A FREE ESTIMATE' and 'BOOK NOW' buttons, which lead to an online booking system. They also provide local and national phone numbers for direct contact and scheduling.","Pricing for junk removal is volume-based (e.g., eighth, half, and full truckload) and requires a free, no-obligation on-site estimate. Precise pricing and fees vary by location, and labor charges depend on job requirements. Construction and demolition removal are priced by volume and weight. No specific flat rates or per-item pricing are published directly on the website.","College Hunks Hauling Junk offers stress-free services with licensed, trained, and insured professionals. They are BBB A+ Rated in San Jose. They commit to recycling or donating up to 70% of hauled items and donate 2 meals per service. Cancellation requires 24-hour notice via email or phone. Each franchise maintains its own refund policy.",Strong,"1. Inconsistent refund policies across independently operated franchises can lead to varied customer experiences. 2. Reliance on on-site estimates for precise pricing introduces friction and delays in the booking process. 3. Lack of a centralized, real-time pricing calculator or transparent rate sheet for common services can deter potential customers seeking immediate cost information.","Implement a Prime Pathwy Sovereign System to centralize franchise operations, standardize pricing models with an instant online calculator, and automate customer follow-ups for a seamless, high-authority client experience.",Tier 3 (Low Priority),
Santos Hauling San Francisco CA,Santos Hauling San Francisco CA,https://www.santoshaulinglandscaping.com/,"Customers can contact Santos Hauling & Landscaping via an online form for a free consultation or by calling their listed phone number. Booking appears to be primarily initiated through these methods, leading to a quote-based process.","Pricing is quote-based only; the website frequently prompts users to 'Request a free quote today' and does not publish any flat rates, per-item pricing, or a pricing calculator.","Santos Hauling & Landscaping states they are 'fully licensed and insured in California,' providing a guarantee of legitimacy and protection. However, detailed terms of service, such as no-show policies, cancellation terms, or specific liability disclaimers, are not readily available on their website.",Strong,"1. Lack of automated online booking system, relying on phone calls and consultation forms for initial contact. 2. Absence of transparent pricing or a pricing calculator, requiring customers to go through a quote process. 3. Insufficient online publication of detailed terms of service and guarantees, potentially leading to customer uncertainty.","Prime Pathwy can implement a Sovereign System to automate Santos Hauling & Landscaping's booking, pricing, and customer communication, transforming their operational efficiency and client experience.",Tier 3 (Low Priority),
Nixxit Junk Removal East Bay - nixxitjunkremoval.com,Nixxit Junk Removal East Bay,https://nixxitjunk.com/,"Customers can contact Nixxit Junk Removal via phone (925-521-8354, 855-5-NIXXIT), text (925-690-1299), or through an online booking platform (Housecall Pro) accessible via their website. They offer free on-site estimates.","Nixxit Junk Removal states they offer 'upfront pricing' and 'affordable rates'. Pricing includes labor (up to 1 hour per full truck), travel, transport, and disposal. Additional California Recycling Fees may apply. Heavy materials are charged by the bedload, not volume. Donatable items are charged by volume. No specific prices are publicly listed on their website, requiring an on-site estimate for exact costs.","Nixxit Junk Removal guarantees 'Legendary Service' with friendly, skilled specialists and 'Expected Punctuality' with on-time arrival within a 2-hour window and excellent communication. They are fully insured, licensed, background-checked, and a Certified Women-Owned Small Business and Bay Area Green Business. They aim to donate or recycle 80% of hauled items. Notable terms include a 24-hour cancellation notice for standard appointments (7 days for large projects > 3 hours), with a potential 10-50% non-refundable deposit for large projects. Customers are responsible for organizing items and ensuring parking. If a customer is unavailable during the appointment, Nixxit reserves the right to make a final decision based on their best judgment and may not return to the jobsite if communication cannot be established.",Strong,"1. Reliance on manual on-site estimates for final pricing, introducing a potential delay in the booking process. 2. Potential for communication breakdown if customers are unavailable during appointments, leading to service decisions made without direct client input. 3. Lack of transparent, standardized pricing tiers or a pricing calculator on the website, which could streamline customer self-service and reduce inquiry volume.","Implement a Sovereign System to automate dynamic pricing based on item volume and type, integrate a real-time scheduling and dispatch optimization engine, and deploy an AI-powered communication platform for proactive client engagement and issue resolution, ensuring seamless, transparent, and efficient operations.",Tier 3 (Low Priority),
Left Coast Hauling Dublin CA - leftcoasthauling.com,Left Coast Hauling Dublin CA,https://www.leftcoasthauling.com,"Customers can contact Left Coast Hauling through multiple channels, including online booking via their website, requesting an online quote, direct phone calls (925) 209-8367, and engagement through their Facebook and Instagram social media platforms. The website features prominent 'BOOK NOW' buttons and 'Online Booking' links.","Left Coast Hauling demonstrates strong pricing transparency with a dedicated pricing page. They offer pro-rated full-load pricing at $49 per cubic yard with a $149 minimum. Specific load prices are provided: 1/4 load for $296 (4 cubic yards), 1/2 load for $441 (8 cubic yards), 3/4 load for $588 (12 cubic yards), and a 10x8x5 foot load for $735 (15 cubic yards). Additional charges include $65 per man hour and $140 per ton for exceeding project man hours or payload tonnage. Environmental fees are $40 for general appliances/mattresses and $60 for refrigerators.","The website does not explicitly state service guarantees or detailed terms of service. The Privacy Policy focuses on data handling, and the FAQ page is primarily about service areas. Customer reviews on Yelp indicate positive experiences with communication and timely service, but these are not formal guarantees.",Strong,"1. Lack of explicit, easily accessible service guarantees and detailed terms of service, which could lead to customer expectation misalignment. 2. Potential for manual scheduling and dispatching for same-day services, indicating a lack of full automation in resource allocation. 3. Absence of visible automated customer relationship management (CRM) or post-service follow-up mechanisms for feedback or re-engagement.","Implement a Sovereign System to automate comprehensive service guarantees, optimize dynamic scheduling and dispatching, and integrate a robust CRM with automated follow-up sequences to enhance customer satisfaction and operational efficiency.",Tier 3 (Low Priority),
