sequence_number,newsletter_id,title,subtitle,send_week,target_segment,funnel_stage,primary_cta,linked_content,estimated_open_rate,notes
1,NL-001,The Systems Imperative,Why labor without systems creates compounding inefficiency,1,High-Value Prospects,Awareness,Download the Full Report,PP-0008,28-35%,Include one case study and one actionable framework per issue
2,NL-002,The Compliance Liability Audit,How undocumented operations expose businesses to six-figure risk,2,High-Value Prospects,Authority,Download the Full Report,PP-0015,28-35%,Include one case study and one actionable framework per issue
3,NL-003,AI in Field Operations,Practical implementation without enterprise budgets,3,All Segments,Consideration,Download the Full Report,PP-0022,28-35%,Include one case study and one actionable framework per issue
4,NL-004,The Contractor Verification Standard,Building a vendor qualification protocol that holds up in court,4,High-Value Prospects,Conversion,Download the Full Report,PP-0029,28-35%,Include one case study and one actionable framework per issue
5,NL-005,Solano County Market Intelligence,Commercial opportunity analysis for Q3 2025,5,High-Value Prospects,Retention,Book a Systems Review,PP-0036,28-35%,Include one case study and one actionable framework per issue
6,NL-006,The Operational Failure Taxonomy,Seven categories of failure that kill profitable service businesses,6,All Segments,Awareness,Download the Full Report,PP-0043,28-35%,Include one case study and one actionable framework per issue
7,NL-007,The Sovereign System Architecture,How Prime Pathwy builds self-managing operational infrastructure,7,High-Value Prospects,Authority,Download the Full Report,PP-0050,28-35%,Include one case study and one actionable framework per issue
8,NL-008,Revenue Optimization Through Documentation,How SOPs directly impact billing accuracy and collections,8,High-Value Prospects,Consideration,Download the Full Report,PP-0057,28-35%,Include one case study and one actionable framework per issue
9,NL-009,The Field Service Automation Stack,"Tools, workflows, and logic for remote operational management",9,All Segments,Conversion,Download the Full Report,PP-0064,28-35%,Include one case study and one actionable framework per issue
10,NL-010,Leadership Without Presence,Building accountability systems that work without micromanagement,10,High-Value Prospects,Retention,Book a Systems Review,PP-0071,28-35%,Include one case study and one actionable framework per issue
11,NL-011,The Systems Imperative,Why labor without systems creates compounding inefficiency,11,High-Value Prospects,Awareness,Download the Full Report,PP-0078,28-35%,Include one case study and one actionable framework per issue
12,NL-012,The Compliance Liability Audit,How undocumented operations expose businesses to six-figure risk,12,All Segments,Authority,Download the Full Report,PP-0085,28-35%,Include one case study and one actionable framework per issue
13,NL-013,AI in Field Operations,Practical implementation without enterprise budgets,13,High-Value Prospects,Consideration,Download the Full Report,PP-0092,28-35%,Include one case study and one actionable framework per issue
14,NL-014,The Contractor Verification Standard,Building a vendor qualification protocol that holds up in court,14,High-Value Prospects,Conversion,Download the Full Report,PP-0099,28-35%,Include one case study and one actionable framework per issue
15,NL-015,Solano County Market Intelligence,Commercial opportunity analysis for Q3 2025,15,All Segments,Retention,Book a Systems Review,PP-0106,28-35%,Include one case study and one actionable framework per issue
16,NL-016,The Operational Failure Taxonomy,Seven categories of failure that kill profitable service businesses,16,High-Value Prospects,Awareness,Download the Full Report,PP-0113,28-35%,Include one case study and one actionable framework per issue
17,NL-017,The Sovereign System Architecture,How Prime Pathwy builds self-managing operational infrastructure,17,High-Value Prospects,Authority,Download the Full Report,PP-0120,28-35%,Include one case study and one actionable framework per issue
18,NL-018,Revenue Optimization Through Documentation,How SOPs directly impact billing accuracy and collections,18,All Segments,Consideration,Download the Full Report,PP-0127,28-35%,Include one case study and one actionable framework per issue
19,NL-019,The Field Service Automation Stack,"Tools, workflows, and logic for remote operational management",19,High-Value Prospects,Conversion,Download the Full Report,PP-0134,28-35%,Include one case study and one actionable framework per issue
20,NL-020,Leadership Without Presence,Building accountability systems that work without micromanagement,20,High-Value Prospects,Retention,Book a Systems Review,PP-0141,28-35%,Include one case study and one actionable framework per issue
21,NL-021,The Systems Imperative,Why labor without systems creates compounding inefficiency,21,All Segments,Awareness,Download the Full Report,PP-0148,28-35%,Include one case study and one actionable framework per issue
22,NL-022,The Compliance Liability Audit,How undocumented operations expose businesses to six-figure risk,22,High-Value Prospects,Authority,Download the Full Report,PP-0155,28-35%,Include one case study and one actionable framework per issue
23,NL-023,AI in Field Operations,Practical implementation without enterprise budgets,23,High-Value Prospects,Consideration,Download the Full Report,PP-0162,28-35%,Include one case study and one actionable framework per issue
24,NL-024,The Contractor Verification Standard,Building a vendor qualification protocol that holds up in court,24,All Segments,Conversion,Download the Full Report,PP-0169,28-35%,Include one case study and one actionable framework per issue
25,NL-025,Solano County Market Intelligence,Commercial opportunity analysis for Q3 2025,25,High-Value Prospects,Retention,Book a Systems Review,PP-0176,28-35%,Include one case study and one actionable framework per issue
26,NL-026,The Operational Failure Taxonomy,Seven categories of failure that kill profitable service businesses,26,High-Value Prospects,Awareness,Download the Full Report,PP-0183,28-35%,Include one case study and one actionable framework per issue
27,NL-027,The Sovereign System Architecture,How Prime Pathwy builds self-managing operational infrastructure,27,All Segments,Authority,Download the Full Report,PP-0190,28-35%,Include one case study and one actionable framework per issue
28,NL-028,Revenue Optimization Through Documentation,How SOPs directly impact billing accuracy and collections,28,High-Value Prospects,Consideration,Download the Full Report,PP-0197,28-35%,Include one case study and one actionable framework per issue
29,NL-029,The Field Service Automation Stack,"Tools, workflows, and logic for remote operational management",29,High-Value Prospects,Conversion,Download the Full Report,PP-0204,28-35%,Include one case study and one actionable framework per issue
30,NL-030,Leadership Without Presence,Building accountability systems that work without micromanagement,30,All Segments,Retention,Book a Systems Review,PP-0211,28-35%,Include one case study and one actionable framework per issue
31,NL-031,The Systems Imperative,Why labor without systems creates compounding inefficiency,31,High-Value Prospects,Awareness,Download the Full Report,PP-0218,28-35%,Include one case study and one actionable framework per issue
32,NL-032,The Compliance Liability Audit,How undocumented operations expose businesses to six-figure risk,32,High-Value Prospects,Authority,Download the Full Report,PP-0225,28-35%,Include one case study and one actionable framework per issue
33,NL-033,AI in Field Operations,Practical implementation without enterprise budgets,33,All Segments,Consideration,Download the Full Report,PP-0232,28-35%,Include one case study and one actionable framework per issue
34,NL-034,The Contractor Verification Standard,Building a vendor qualification protocol that holds up in court,34,High-Value Prospects,Conversion,Download the Full Report,PP-0239,28-35%,Include one case study and one actionable framework per issue
35,NL-035,Solano County Market Intelligence,Commercial opportunity analysis for Q3 2025,35,High-Value Prospects,Retention,Book a Systems Review,PP-0246,28-35%,Include one case study and one actionable framework per issue
36,NL-036,The Operational Failure Taxonomy,Seven categories of failure that kill profitable service businesses,36,All Segments,Awareness,Download the Full Report,PP-0253,28-35%,Include one case study and one actionable framework per issue
37,NL-037,The Sovereign System Architecture,How Prime Pathwy builds self-managing operational infrastructure,37,High-Value Prospects,Authority,Download the Full Report,PP-0260,28-35%,Include one case study and one actionable framework per issue
38,NL-038,Revenue Optimization Through Documentation,How SOPs directly impact billing accuracy and collections,38,High-Value Prospects,Consideration,Download the Full Report,PP-0267,28-35%,Include one case study and one actionable framework per issue
39,NL-039,The Field Service Automation Stack,"Tools, workflows, and logic for remote operational management",39,All Segments,Conversion,Download the Full Report,PP-0274,28-35%,Include one case study and one actionable framework per issue
40,NL-040,Leadership Without Presence,Building accountability systems that work without micromanagement,40,High-Value Prospects,Retention,Book a Systems Review,PP-0281,28-35%,Include one case study and one actionable framework per issue
41,NL-041,The Systems Imperative,Why labor without systems creates compounding inefficiency,41,High-Value Prospects,Awareness,Download the Full Report,PP-0288,28-35%,Include one case study and one actionable framework per issue
42,NL-042,The Compliance Liability Audit,How undocumented operations expose businesses to six-figure risk,42,All Segments,Authority,Download the Full Report,PP-0295,28-35%,Include one case study and one actionable framework per issue
43,NL-043,AI in Field Operations,Practical implementation without enterprise budgets,43,High-Value Prospects,Consideration,Download the Full Report,PP-0302,28-35%,Include one case study and one actionable framework per issue
44,NL-044,The Contractor Verification Standard,Building a vendor qualification protocol that holds up in court,44,High-Value Prospects,Conversion,Download the Full Report,PP-0309,28-35%,Include one case study and one actionable framework per issue
45,NL-045,Solano County Market Intelligence,Commercial opportunity analysis for Q3 2025,45,All Segments,Retention,Book a Systems Review,PP-0316,28-35%,Include one case study and one actionable framework per issue
46,NL-046,The Operational Failure Taxonomy,Seven categories of failure that kill profitable service businesses,46,High-Value Prospects,Awareness,Download the Full Report,PP-0323,28-35%,Include one case study and one actionable framework per issue
47,NL-047,The Sovereign System Architecture,How Prime Pathwy builds self-managing operational infrastructure,47,High-Value Prospects,Authority,Download the Full Report,PP-0330,28-35%,Include one case study and one actionable framework per issue
48,NL-048,Revenue Optimization Through Documentation,How SOPs directly impact billing accuracy and collections,48,All Segments,Consideration,Download the Full Report,PP-0337,28-35%,Include one case study and one actionable framework per issue
49,NL-049,The Field Service Automation Stack,"Tools, workflows, and logic for remote operational management",49,High-Value Prospects,Conversion,Download the Full Report,PP-0344,28-35%,Include one case study and one actionable framework per issue
50,NL-050,Leadership Without Presence,Building accountability systems that work without micromanagement,50,High-Value Prospects,Retention,Book a Systems Review,PP-0351,28-35%,Include one case study and one actionable framework per issue
